MODEL_RUN_ID,FEATURE_NAME,POSITIVE_COUNT,TOTAL_ROWS,POSITIVE_RATE_PERCENT
9fcabfc2-faee-4d32-8096-aad08a5c1a8f,prediction_year_age_at_year_start,1250231,1250233,99.99984003
9fcabfc2-faee-4d32-8096-aad08a5c1a8f,race_white,1019292,1250233,81.52816315
9fcabfc2-faee-4d32-8096-aad08a5c1a8f,lag_cms_hypertension,719630,1250233,57.559670877
9fcabfc2-faee-4d32-8096-aad08a5c1a8f,lag_cms_hyperlipidemia,717850,1250233,57.417297416
9fcabfc2-faee-4d32-8096-aad08a5c1a8f,sex_male,571735,1250233,45.730275877
9fcabfc2-faee-4d32-8096-aad08a5c1a8f,lag_cond_diabetes_mellitus,297888,1250233,23.826598722
9fcabfc2-faee-4d32-8096-aad08a5c1a8f,lag_cms_diabetes,297501,1250233,23.795644492
9fcabfc2-faee-4d32-8096-aad08a5c1a8f,lag_cond_cataract,294412,1250233,23.548570546
9fcabfc2-faee-4d32-8096-aad08a5c1a8f,lag_cms_cataract,294371,1250233,23.545291158
9fcabfc2-faee-4d32-8096-aad08a5c1a8f,lag_cond_cardiac_dysrhythmias,283808,1250233,22.700408644
9fcabfc2-faee-4d32-8096-aad08a5c1a8f,lag_cond_atherosclerosis,272258,1250233,21.776580845
9fcabfc2-faee-4d32-8096-aad08a5c1a8f,lag_cms_fibromyalgia_and_chronic_pain_and_fatigue,259119,1250233,20.725656738
9fcabfc2-faee-4d32-8096-aad08a5c1a8f,lag_cms_obesity,231241,1250233,18.495832377
9fcabfc2-faee-4d32-8096-aad08a5c1a8f,lag_cms_anemia,225767,1250233,18.05799399
9fcabfc2-faee-4d32-8096-aad08a5c1a8f,lag_cond_anxiety_disorders,207331,1250233,16.583388856
9fcabfc2-faee-4d32-8096-aad08a5c1a8f,lag_cond_covid19,202138,1250233,16.16802628
9fcabfc2-faee-4d32-8096-aad08a5c1a8f,lag_cms_chronic_kidney_disease,197066,1250233,15.762341899
9fcabfc2-faee-4d32-8096-aad08a5c1a8f,lag_cond_chronic_kidney_disease,184954,1250233,14.79356248
9fcabfc2-faee-4d32-8096-aad08a5c1a8f,lag_hcc_18,179243,1250233,14.336767627
9fcabfc2-faee-4d32-8096-aad08a5c1a8f,lag_cms_peripheral_vascular_disease_pvd,153141,1250233,12.248996787
9fcabfc2-faee-4d32-8096-aad08a5c1a8f,lag_cms_benign_prostatic_hyperplasia,146799,1250233,11.741731341
9fcabfc2-faee-4d32-8096-aad08a5c1a8f,lag_cond_benign_prostatic_hyperplasia,145627,1250233,11.647988815
9fcabfc2-faee-4d32-8096-aad08a5c1a8f,lag_cms_atrial_fibrillation_and_flutter,140522,1250233,11.239664926
9fcabfc2-faee-4d32-8096-aad08a5c1a8f,lag_cond_osteoporosis,134368,1250233,10.747436678
9fcabfc2-faee-4d32-8096-aad08a5c1a8f,cold_start,130342,1250233,10.425416702
9fcabfc2-faee-4d32-8096-aad08a5c1a8f,lag_cond_chronic_obstructive_pulmonary_disease,128035,1250233,10.240891098
9fcabfc2-faee-4d32-8096-aad08a5c1a8f,lag_cond_heart_failure,115926,1250233,9.272351634
9fcabfc2-faee-4d32-8096-aad08a5c1a8f,lag_cms_tobacco_use,86987,1250233,6.957663092
9fcabfc2-faee-4d32-8096-aad08a5c1a8f,lag_hcc_22,78580,1250233,6.285228433
9fcabfc2-faee-4d32-8096-aad08a5c1a8f,lag_cms_liver_disease_cirrhosis_and_other_liver_conditions_except_viral_hepatitis,73296,1250233,5.862587214
9fcabfc2-faee-4d32-8096-aad08a5c1a8f,lag_cms_stroke_transient_ischemic_attack,67044,1250233,5.362520426
9fcabfc2-faee-4d32-8096-aad08a5c1a8f,lag_cond_myocardial_infarction,53800,1250233,4.303197884
9fcabfc2-faee-4d32-8096-aad08a5c1a8f,state_Pennsylvania,51606,1250233,4.127710595
9fcabfc2-faee-4d32-8096-aad08a5c1a8f,lag_cms_cancer_breast,51506,1250233,4.119712086
9fcabfc2-faee-4d32-8096-aad08a5c1a8f,lag_cond_stroke,49137,1250233,3.930227406
9fcabfc2-faee-4d32-8096-aad08a5c1a8f,state_New Jersey,37698,1250233,3.015277952
9fcabfc2-faee-4d32-8096-aad08a5c1a8f,state_Arizona,27109,1250233,2.168315826
9fcabfc2-faee-4d32-8096-aad08a5c1a8f,lag_cms_mobility_impairments,24752,1250233,1.979790967
9fcabfc2-faee-4d32-8096-aad08a5c1a8f,lag_cms_alzheimers_disease,23801,1250233,1.903725146
9fcabfc2-faee-4d32-8096-aad08a5c1a8f,lag_hcc_107,22852,1250233,1.827819294
9fcabfc2-faee-4d32-8096-aad08a5c1a8f,lag_cond_diverticulitis_of_large_intestine,8610,1250233,0.6886716316
9fcabfc2-faee-4d32-8096-aad08a5c1a8f,lag_cond_osteoarthritis,322775,1250233,25.817187676
9fcabfc2-faee-4d32-8096-aad08a5c1a8f,lag_cms_hypothyroidism,239416,1250233,19.149710494
9fcabfc2-faee-4d32-8096-aad08a5c1a8f,lag_cond_obesity,231277,1250233,18.49871184
9fcabfc2-faee-4d32-8096-aad08a5c1a8f,lag_cms_osteoporosis_with_or_without_pathological_fracture,133088,1250233,10.645055762
9fcabfc2-faee-4d32-8096-aad08a5c1a8f,state_California,120078,1250233,9.604449731
9fcabfc2-faee-4d32-8096-aad08a5c1a8f,lag_hcc_40,78164,1250233,6.251954636
9fcabfc2-faee-4d32-8096-aad08a5c1a8f,lag_cond_glaucoma,77231,1250233,6.177328546
9fcabfc2-faee-4d32-8096-aad08a5c1a8f,lag_cms_non_alzheimers_dementia,65468,1250233,5.236463923
9fcabfc2-faee-4d32-8096-aad08a5c1a8f,lag_cms_cancer_prostate,48942,1250233,3.914630313
9fcabfc2-faee-4d32-8096-aad08a5c1a8f,state_Virginia,38514,1250233,3.080545786
9fcabfc2-faee-4d32-8096-aad08a5c1a8f,lag_cond_bipolar_affective_disorder,22423,1250233,1.793505691
9fcabfc2-faee-4d32-8096-aad08a5c1a8f,lag_hcc_124,20667,1250233,1.653051871
9fcabfc2-faee-4d32-8096-aad08a5c1a8f,state_Iowa,16834,1250233,1.346469018
9fcabfc2-faee-4d32-8096-aad08a5c1a8f,lag_cond_parkinsons_disease,16351,1250233,1.307836219
9fcabfc2-faee-4d32-8096-aad08a5c1a8f,state_Louisiana,16321,1250233,1.305436667
9fcabfc2-faee-4d32-8096-aad08a5c1a8f,lag_hcc_87,13109,1250233,1.048524555
9fcabfc2-faee-4d32-8096-aad08a5c1a8f,lag_hcc_136,10885,1250233,0.8706377131
9fcabfc2-faee-4d32-8096-aad08a5c1a8f,state_Idaho,7916,1250233,0.6331619786
9fcabfc2-faee-4d32-8096-aad08a5c1a8f,state_Michigan,34430,1250233,2.753886676
9fcabfc2-faee-4d32-8096-aad08a5c1a8f,lag_cms_parkinsons_disease_and_secondary_parkinsonism,17700,1250233,1.415736107
9fcabfc2-faee-4d32-8096-aad08a5c1a8f,lag_hcc_78,16574,1250233,1.325672895
9fcabfc2-faee-4d32-8096-aad08a5c1a8f,lag_cond_dyslipidemias,717850,1250233,57.417297416
9fcabfc2-faee-4d32-8096-aad08a5c1a8f,lag_cms_ischemic_heart_disease,228661,1250233,18.289470843
9fcabfc2-faee-4d32-8096-aad08a5c1a8f,lag_hcc_96,165493,1250233,13.236972628
9fcabfc2-faee-4d32-8096-aad08a5c1a8f,lag_cms_chronic_obstructive_pulmonary_disease,147665,1250233,11.81099843
9fcabfc2-faee-4d32-8096-aad08a5c1a8f,lag_cond_atrial_fibrillation,139438,1250233,11.152961088
9fcabfc2-faee-4d32-8096-aad08a5c1a8f,lag_hcc_85,130818,1250233,10.463489606
9fcabfc2-faee-4d32-8096-aad08a5c1a8f,lag_cond_asthma,86178,1250233,6.892955153
9fcabfc2-faee-4d32-8096-aad08a5c1a8f,lag_cond_abdominal_hernia,77569,1250233,6.204363507
9fcabfc2-faee-4d32-8096-aad08a5c1a8f,state_Illinois,52217,1250233,4.176581485
9fcabfc2-faee-4d32-8096-aad08a5c1a8f,lag_hcc_52,50441,1250233,4.034527964
9fcabfc2-faee-4d32-8096-aad08a5c1a8f,state_South Carolina,26287,1250233,2.102568081
9fcabfc2-faee-4d32-8096-aad08a5c1a8f,lag_hcc_11,25166,1250233,2.012904795
9fcabfc2-faee-4d32-8096-aad08a5c1a8f,lag_cms_acute_myocardial_infarction,23292,1250233,1.863012734
9fcabfc2-faee-4d32-8096-aad08a5c1a8f,lag_cond_alcohol_use_disorder,21088,1250233,1.686725594
9fcabfc2-faee-4d32-8096-aad08a5c1a8f,lag_hcc_106,5626,1250233,0.4499961207
9fcabfc2-faee-4d32-8096-aad08a5c1a8f,state_South Dakota,4931,1250233,0.3944064826
9fcabfc2-faee-4d32-8096-aad08a5c1a8f,lag_cond_hypertension,702301,1250233,56.173609239
9fcabfc2-faee-4d32-8096-aad08a5c1a8f,lag_cms_rheumatoid_arthritis_osteoarthritis,400978,1250233,32.07226173
9fcabfc2-faee-4d32-8096-aad08a5c1a8f,lag_cond_gastroesophageal_reflux,270510,1250233,21.636766907
9fcabfc2-faee-4d32-8096-aad08a5c1a8f,lag_cms_anxiety_disorders,210166,1250233,16.810146589
9fcabfc2-faee-4d32-8096-aad08a5c1a8f,lag_cms_depression_bipolar_or_other_depressive_mood_disorders,208594,1250233,16.684410026
9fcabfc2-faee-4d32-8096-aad08a5c1a8f,lag_cms_glaucoma,137743,1250233,11.017386359
9fcabfc2-faee-4d32-8096-aad08a5c1a8f,lag_cms_heart_failure_and_non_ischemic_heart_disease,121706,1250233,9.734665458
9fcabfc2-faee-4d32-8096-aad08a5c1a8f,lag_hcc_111,111736,1250233,8.937214103
9fcabfc2-faee-4d32-8096-aad08a5c1a8f,race_black or african american,97977,1250233,7.836699239
9fcabfc2-faee-4d32-8096-aad08a5c1a8f,lag_hcc_138,95344,1250233,7.626098495
9fcabfc2-faee-4d32-8096-aad08a5c1a8f,state_Texas,82135,1250233,6.569575431
9fcabfc2-faee-4d32-8096-aad08a5c1a8f,lag_hcc_12,79062,1250233,6.323781247
9fcabfc2-faee-4d32-8096-aad08a5c1a8f,race_other race,56519,1250233,4.520677346
9fcabfc2-faee-4d32-8096-aad08a5c1a8f,lag_cond_breast_cancer,50458,1250233,4.035887711
9fcabfc2-faee-4d32-8096-aad08a5c1a8f,lag_cms_pressure_and_chronic_ulcers,44133,1250233,3.529982011
9fcabfc2-faee-4d32-8096-aad08a5c1a8f,state_Ohio,42917,1250233,3.432720141
9fcabfc2-faee-4d32-8096-aad08a5c1a8f,lag_cms_drug_use_disorders,38245,1250233,3.059029797
9fcabfc2-faee-4d32-8096-aad08a5c1a8f,lag_cms_bipolar_disorder,35132,1250233,2.810036209
9fcabfc2-faee-4d32-8096-aad08a5c1a8f,lag_cond_rheumatoid_arthritis,32291,1250233,2.582798566
9fcabfc2-faee-4d32-8096-aad08a5c1a8f,lag_hcc_100,30618,1250233,2.448983509
9fcabfc2-faee-4d32-8096-aad08a5c1a8f,lag_hcc_55,28786,1250233,2.302450823
9fcabfc2-faee-4d32-8096-aad08a5c1a8f,state_Wisconsin,22033,1250233,1.762311505
9fcabfc2-faee-4d32-8096-aad08a5c1a8f,state_Kentucky,17771,1250233,1.421415048
9fcabfc2-faee-4d32-8096-aad08a5c1a8f,lag_cms_schizophrenia,16546,1250233,1.323433312
9fcabfc2-faee-4d32-8096-aad08a5c1a8f,lag_cms_cancer_colorectal,16447,1250233,1.315514788
9fcabfc2-faee-4d32-8096-aad08a5c1a8f,state_Oregon,15983,1250233,1.278401706
9fcabfc2-faee-4d32-8096-aad08a5c1a8f,lag_hcc_9,15600,1250233,1.247767416
9fcabfc2-faee-4d32-8096-aad08a5c1a8f,state_Kansas,15142,1250233,1.211134245
9fcabfc2-faee-4d32-8096-aad08a5c1a8f,lag_hcc_103,14557,1250233,1.164342966
9fcabfc2-faee-4d32-8096-aad08a5c1a8f,lag_cond_posttraumatic_stress_disorder,14358,1250233,1.148425933
9fcabfc2-faee-4d32-8096-aad08a5c1a8f,lag_cms_personality_disorders,13321,1250233,1.065481394
9fcabfc2-faee-4d32-8096-aad08a5c1a8f,lag_hcc_75,12521,1250233,1.001493322
9fcabfc2-faee-4d32-8096-aad08a5c1a8f,lag_cms_hip_pelvic_fracture,11386,1250233,0.9107102436
9fcabfc2-faee-4d32-8096-aad08a5c1a8f,lag_cms_intellectual_disabilities_and_related_conditions,11346,1250233,0.90751084
9fcabfc2-faee-4d32-8096-aad08a5c1a8f,lag_hcc_188,10769,1250233,0.8613594426
9fcabfc2-faee-4d32-8096-aad08a5c1a8f,lag_cond_attention_deficithyperactivity_disorder,8905,1250233,0.7122672334
9fcabfc2-faee-4d32-8096-aad08a5c1a8f,lag_hcc_28,8168,1250233,0.6533182215
9fcabfc2-faee-4d32-8096-aad08a5c1a8f,lag_hcc_99,5338,1250233,0.4269604146
9fcabfc2-faee-4d32-8096-aad08a5c1a8f,lag_cms_sensory_blindness_and_visual_impairment,4532,1250233,0.3624924314
9fcabfc2-faee-4d32-8096-aad08a5c1a8f,lag_cms_autism_spectrum_disorders,4206,1250233,0.3364172918
9fcabfc2-faee-4d32-8096-aad08a5c1a8f,lag_cond_multiple_myeloma,3622,1250233,0.2897059988
9fcabfc2-faee-4d32-8096-aad08a5c1a8f,lag_hcc_82,2919,1250233,0.23347648
9fcabfc2-faee-4d32-8096-aad08a5c1a8f,lag_cms_hepatitis_b_acute_or_unspecified,1280,1250233,0.1023809162
9fcabfc2-faee-4d32-8096-aad08a5c1a8f,lag_cms_hepatitis_a,312,1250233,0.02495534832
9fcabfc2-faee-4d32-8096-aad08a5c1a8f,lag_hcc_83,130,1250233,0.0103980618
9fcabfc2-faee-4d32-8096-aad08a5c1a8f,lag_hcc_166,65,1250233,0.005199030901
9fcabfc2-faee-4d32-8096-aad08a5c1a8f,lag_cond_major_depressive_disorder,138694,1250233,11.093452181
9fcabfc2-faee-4d32-8096-aad08a5c1a8f,lag_hcc_59,117883,1250233,9.428882456
9fcabfc2-faee-4d32-8096-aad08a5c1a8f,lag_cms_sensory_deafness_and_hearing_impairment,91622,1250233,7.328393987
9fcabfc2-faee-4d32-8096-aad08a5c1a8f,state_New York,69470,1250233,5.556564256
9fcabfc2-faee-4d32-8096-aad08a5c1a8f,lag_cond_dementia,64458,1250233,5.155678981
9fcabfc2-faee-4d32-8096-aad08a5c1a8f,lag_cond_erectile_dysfunction,43227,1250233,3.457515519
9fcabfc2-faee-4d32-8096-aad08a5c1a8f,state_Georgia,32651,1250233,2.611593199
9fcabfc2-faee-4d32-8096-aad08a5c1a8f,state_Tennessee,27031,1250233,2.162076989
9fcabfc2-faee-4d32-8096-aad08a5c1a8f,state_Missouri,23900,1250233,1.91164367
9fcabfc2-faee-4d32-8096-aad08a5c1a8f,lag_cond_alzheimer_disease,23801,1250233,1.903725146
9fcabfc2-faee-4d32-8096-aad08a5c1a8f,lag_cms_leukemias_and_lymphomas,20717,1250233,1.657051126
9fcabfc2-faee-4d32-8096-aad08a5c1a8f,lag_hcc_51,19281,1250233,1.542192535
9fcabfc2-faee-4d32-8096-aad08a5c1a8f,lag_hcc_86,19199,1250233,1.535633758
9fcabfc2-faee-4d32-8096-aad08a5c1a8f,state_Oklahoma,18405,1250233,1.472125596
9fcabfc2-faee-4d32-8096-aad08a5c1a8f,lag_cms_asthma,86156,1250233,6.891195481
9fcabfc2-faee-4d32-8096-aad08a5c1a8f,lag_hcc_79,29016,1250233,2.320847394
9fcabfc2-faee-4d32-8096-aad08a5c1a8f,lag_cms_schizophrenia_and_other_psychotic_disorders,26281,1250233,2.102088171
9fcabfc2-faee-4d32-8096-aad08a5c1a8f,lag_hcc_10,21517,1250233,1.721039198
9fcabfc2-faee-4d32-8096-aad08a5c1a8f,lag_cond_type_1_diabetes_mellitus,16522,1250233,1.32151367
9fcabfc2-faee-4d32-8096-aad08a5c1a8f,state_Nevada,10665,1250233,0.8530409932
9fcabfc2-faee-4d32-8096-aad08a5c1a8f,state_West Virginia,8586,1250233,0.6867519894
9fcabfc2-faee-4d32-8096-aad08a5c1a8f,lag_cms_depressive_disorders,185962,1250233,14.874187451
9fcabfc2-faee-4d32-8096-aad08a5c1a8f,lag_hcc_19,128927,1250233,10.312237799
9fcabfc2-faee-4d32-8096-aad08a5c1a8f,state_Florida,87018,1250233,6.960142629
9fcabfc2-faee-4d32-8096-aad08a5c1a8f,lag_hcc_135,50719,1250233,4.056763819
9fcabfc2-faee-4d32-8096-aad08a5c1a8f,lag_cms_migraine_and_chronic_headache,49081,1250233,3.925748241
9fcabfc2-faee-4d32-8096-aad08a5c1a8f,lag_hcc_23,47516,1250233,3.800571573
9fcabfc2-faee-4d32-8096-aad08a5c1a8f,race_unknown,43017,1250233,3.44071865
9fcabfc2-faee-4d32-8096-aad08a5c1a8f,lag_hcc_84,42247,1250233,3.37913013
9fcabfc2-faee-4d32-8096-aad08a5c1a8f,lag_hcc_47,28138,1250233,2.250620484
9fcabfc2-faee-4d32-8096-aad08a5c1a8f,lag_cond_epilepsy_and_seizure_disorders,24137,1250233,1.930600136
9fcabfc2-faee-4d32-8096-aad08a5c1a8f,lag_hcc_21,21530,1250233,1.722079004
9fcabfc2-faee-4d32-8096-aad08a5c1a8f,lag_hcc_176,20460,1250233,1.636494957
9fcabfc2-faee-4d32-8096-aad08a5c1a8f,state_Minnesota,17284,1250233,1.382462309
9fcabfc2-faee-4d32-8096-aad08a5c1a8f,lag_hcc_112,15208,1250233,1.216413261
9fcabfc2-faee-4d32-8096-aad08a5c1a8f,lag_hcc_33,14297,1250233,1.143546843
9fcabfc2-faee-4d32-8096-aad08a5c1a8f,lag_hcc_169,13285,1250233,1.062601931
9fcabfc2-faee-4d32-8096-aad08a5c1a8f,state_Connecticut,11735,1250233,0.9386250403
9fcabfc2-faee-4d32-8096-aad08a5c1a8f,lag_hcc_39,10042,1250233,0.8032102816
9fcabfc2-faee-4d32-8096-aad08a5c1a8f,lag_cms_viral_hepatitis_general,9508,1250233,0.7604982431
9fcabfc2-faee-4d32-8096-aad08a5c1a8f,state_New Hampshire,8214,1250233,0.6569975357
9fcabfc2-faee-4d32-8096-aad08a5c1a8f,lag_cms_cancer_endometrial,6574,1250233,0.5258219868
9fcabfc2-faee-4d32-8096-aad08a5c1a8f,lag_hcc_27,4608,1250233,0.3685712983
9fcabfc2-faee-4d32-8096-aad08a5c1a8f,lag_hcc_17,4504,1250233,0.3602528489
9fcabfc2-faee-4d32-8096-aad08a5c1a8f,lag_hcc_186,4286,1250233,0.3428160991
9fcabfc2-faee-4d32-8096-aad08a5c1a8f,state_Vermont,4190,1250233,0.3351375304
9fcabfc2-faee-4d32-8096-aad08a5c1a8f,lag_hcc_58,3621,1250233,0.2896260137
9fcabfc2-faee-4d32-8096-aad08a5c1a8f,lag_cms_learning_disabilities,3097,1250233,0.2477138261
9fcabfc2-faee-4d32-8096-aad08a5c1a8f,lag_hcc_34,2398,1250233,0.1918042477
9fcabfc2-faee-4d32-8096-aad08a5c1a8f,lag_hcc_104,2035,1250233,0.1627696597
9fcabfc2-faee-4d32-8096-aad08a5c1a8f,lag_cond_invasive_pneumococcal_disease,332,1250233,0.02655505014
9fcabfc2-faee-4d32-8096-aad08a5c1a8f,lag_cond_type_2_diabetes_mellitus,293190,1250233,23.450828766
9fcabfc2-faee-4d32-8096-aad08a5c1a8f,lag_hcc_108,167008,1250233,13.358150041
9fcabfc2-faee-4d32-8096-aad08a5c1a8f,lag_cms_pneumonia_all_cause,62094,1250233,4.966594227
9fcabfc2-faee-4d32-8096-aad08a5c1a8f,state_North Carolina,39135,1250233,3.130216528
9fcabfc2-faee-4d32-8096-aad08a5c1a8f,state_Massachusetts,34934,1250233,2.794199161
9fcabfc2-faee-4d32-8096-aad08a5c1a8f,state_Maryland,31064,1250233,2.48465686
9fcabfc2-faee-4d32-8096-aad08a5c1a8f,state_Washington,29875,1250233,2.389554587
9fcabfc2-faee-4d32-8096-aad08a5c1a8f,race_asian,27742,1250233,2.218946388
9fcabfc2-faee-4d32-8096-aad08a5c1a8f,state_Indiana,27251,1250233,2.179673709
9fcabfc2-faee-4d32-8096-aad08a5c1a8f,lag_hcc_2,26938,1250233,2.154638375
9fcabfc2-faee-4d32-8096-aad08a5c1a8f,lag_cond_deep_vein_thrombosis_of_extremities_or_central_veins,22591,1250233,1.806943186
9fcabfc2-faee-4d32-8096-aad08a5c1a8f,lag_cms_alcohol_use_disorders,20891,1250233,1.670968531
9fcabfc2-faee-4d32-8096-aad08a5c1a8f,lag_hcc_8,15952,1250233,1.275922168
9fcabfc2-faee-4d32-8096-aad08a5c1a8f,lag_cms_post_traumatic_stress_disorder_ptsd,14358,1250233,1.148425933
9fcabfc2-faee-4d32-8096-aad08a5c1a8f,lag_cond_opioid_use_disorder,13902,1250233,1.111952732
9fcabfc2-faee-4d32-8096-aad08a5c1a8f,state_Colorado,18084,1250233,1.446450382
9fcabfc2-faee-4d32-8096-aad08a5c1a8f,state_Utah,7996,1250233,0.6395607859
9fcabfc2-faee-4d32-8096-aad08a5c1a8f,lag_cms_hepatitis_d,191,1250233,0.01527715234
9fcabfc2-faee-4d32-8096-aad08a5c1a8f,lag_hcc_48,67807,1250233,5.42354905
9fcabfc2-faee-4d32-8096-aad08a5c1a8f,lag_hcc_88,36916,1250233,2.952729611
9fcabfc2-faee-4d32-8096-aad08a5c1a8f,lag_cond_abdominal_aortic_aneurysm,16496,1250233,1.319434057
9fcabfc2-faee-4d32-8096-aad08a5c1a8f,state_Mississippi,15128,1250233,1.210014453
9fcabfc2-faee-4d32-8096-aad08a5c1a8f,lag_cond_herpes_simplex_infection,13407,1250233,1.072360112
9fcabfc2-faee-4d32-8096-aad08a5c1a8f,lag_hcc_137,13033,1250233,1.042445688
9fcabfc2-faee-4d32-8096-aad08a5c1a8f,lag_cms_cystic_fibrosis_and_other_metabolic_developmental_disorders,12833,1250233,1.02644867
9fcabfc2-faee-4d32-8096-aad08a5c1a8f,lag_cms_adhd_conduct_disorders_and_hyperkinetic_syndrome,12754,1250233,1.020129848
9fcabfc2-faee-4d32-8096-aad08a5c1a8f,lag_hcc_35,11874,1250233,0.9497429679
9fcabfc2-faee-4d32-8096-aad08a5c1a8f,lag_cond_hip_fracture,10878,1250233,0.8700778175
9fcabfc2-faee-4d32-8096-aad08a5c1a8f,lag_hcc_170,10733,1250233,0.8584799793
9fcabfc2-faee-4d32-8096-aad08a5c1a8f,state_Nebraska,9740,1250233,0.7790547842
9fcabfc2-faee-4d32-8096-aad08a5c1a8f,lag_hcc_72,9534,1250233,0.7625778555
9fcabfc2-faee-4d32-8096-aad08a5c1a8f,lag_cms_cancer_urologic_kidney_renal_pelvis_and_ureter,9155,1250233,0.7322635061
9fcabfc2-faee-4d32-8096-aad08a5c1a8f,lag_hcc_122,8787,1250233,0.7028289927
9fcabfc2-faee-4d32-8096-aad08a5c1a8f,lag_hcc_114,8124,1250233,0.6497988775
9fcabfc2-faee-4d32-8096-aad08a5c1a8f,state_Montana,7244,1250233,0.5794119976
9fcabfc2-faee-4d32-8096-aad08a5c1a8f,lag_cond_ulcerative_colitis,7232,1250233,0.5784521765
9fcabfc2-faee-4d32-8096-aad08a5c1a8f,lag_cms_multiple_sclerosis_and_transverse_myelitis,6909,1250233,0.5526169922
9fcabfc2-faee-4d32-8096-aad08a5c1a8f,lag_hcc_167,6607,1250233,0.5284614948
9fcabfc2-faee-4d32-8096-aad08a5c1a8f,state_Delaware,6322,1250233,0.5056657439
9fcabfc2-faee-4d32-8096-aad08a5c1a8f,lag_hcc_77,6029,1250233,0.4822301123
9fcabfc2-faee-4d32-8096-aad08a5c1a8f,lag_cond_endocarditis,5965,1250233,0.4771110665
9fcabfc2-faee-4d32-8096-aad08a5c1a8f,lag_hcc_158,5935,1250233,0.4747115138
9fcabfc2-faee-4d32-8096-aad08a5c1a8f,lag_hcc_189,5557,1250233,0.4444771495
9fcabfc2-faee-4d32-8096-aad08a5c1a8f,lag_hcc_29,4768,1250233,0.3813689128
9fcabfc2-faee-4d32-8096-aad08a5c1a8f,lag_hcc_159,4717,1250233,0.3772896732
9fcabfc2-faee-4d32-8096-aad08a5c1a8f,lag_hcc_46,4717,1250233,0.3772896732
9fcabfc2-faee-4d32-8096-aad08a5c1a8f,state_Hawaii,4532,1250233,0.3624924314
9fcabfc2-faee-4d32-8096-aad08a5c1a8f,lag_cms_traumatic_brain_injury_and_nonpsychotic_mental_disorders_due_to_brain_damage,4398,1250233,0.3517744292
9fcabfc2-faee-4d32-8096-aad08a5c1a8f,state_Wyoming,4219,1250233,0.337457098
9fcabfc2-faee-4d32-8096-aad08a5c1a8f,state_Alaska,4151,1250233,0.3320181118
9fcabfc2-faee-4d32-8096-aad08a5c1a8f,lag_cond_clostridioides_difficile_enterocolitis,4105,1250233,0.3283387976
9fcabfc2-faee-4d32-8096-aad08a5c1a8f,lag_cms_cerebral_palsy,3986,1250233,0.3188205718
9fcabfc2-faee-4d32-8096-aad08a5c1a8f,state_North Dakota,3852,1250233,0.3081025697
9fcabfc2-faee-4d32-8096-aad08a5c1a8f,lag_hcc_6,3737,1250233,0.2989042842
9fcabfc2-faee-4d32-8096-aad08a5c1a8f,state_Rhode Island,3553,1250233,0.2841870275
9fcabfc2-faee-4d32-8096-aad08a5c1a8f,lag_hcc_1,3294,1250233,0.263470889
9fcabfc2-faee-4d32-8096-aad08a5c1a8f,lag_hcc_80,2913,1250233,0.2329965694
9fcabfc2-faee-4d32-8096-aad08a5c1a8f,lag_hcc_115,2879,1250233,0.2302770764
9fcabfc2-faee-4d32-8096-aad08a5c1a8f,lag_hcc_134,2837,1250233,0.2269177025
9fcabfc2-faee-4d32-8096-aad08a5c1a8f,lag_hcc_56,2619,1250233,0.2094809528
9fcabfc2-faee-4d32-8096-aad08a5c1a8f,lag_hcc_70,2456,1250233,0.196443383
9fcabfc2-faee-4d32-8096-aad08a5c1a8f,lag_hcc_71,2411,1250233,0.1928440539
9fcabfc2-faee-4d32-8096-aad08a5c1a8f,lag_hcc_157,2141,1250233,0.1712480794
9fcabfc2-faee-4d32-8096-aad08a5c1a8f,lag_cms_other_developmental_delays,1806,1250233,0.1444530739
9fcabfc2-faee-4d32-8096-aad08a5c1a8f,state_Puerto Rico,1637,1250233,0.1309355936
9fcabfc2-faee-4d32-8096-aad08a5c1a8f,lag_hcc_54,1287,1250233,0.1029408118
9fcabfc2-faee-4d32-8096-aad08a5c1a8f,lag_hcc_76,619,1250233,0.04951077119
9fcabfc2-faee-4d32-8096-aad08a5c1a8f,state_Guam,589,1250233,0.04711121847
9fcabfc2-faee-4d32-8096-aad08a5c1a8f,state_Virgin Islands,581,1250233,0.04647133774
9fcabfc2-faee-4d32-8096-aad08a5c1a8f,lag_hcc_74,499,1250233,0.0399125603
9fcabfc2-faee-4d32-8096-aad08a5c1a8f,lag_cms_sickle_cell_disease,439,1250233,0.03511345485
9fcabfc2-faee-4d32-8096-aad08a5c1a8f,lag_cond_acute_lymphoblastic_leukemia,338,1250233,0.02703496068
9fcabfc2-faee-4d32-8096-aad08a5c1a8f,lag_hcc_162,150,1250233,0.01199776362
9fcabfc2-faee-4d32-8096-aad08a5c1a8f,lag_cond_legionellosis,99,1250233,0.007918523987
9fcabfc2-faee-4d32-8096-aad08a5c1a8f,lag_cond_west_nile_virus_disease,56,1250233,0.004479165084
9fcabfc2-faee-4d32-8096-aad08a5c1a8f,lag_cond_cryptosporidiosis,40,1250233,0.003199403631
9fcabfc2-faee-4d32-8096-aad08a5c1a8f,lag_cond_diphtheria,24,1250233,0.001919642179
9fcabfc2-faee-4d32-8096-aad08a5c1a8f,lag_cond_parvovirus_infection,24,1250233,0.001919642179
9fcabfc2-faee-4d32-8096-aad08a5c1a8f,lag_cond_listeriosis,15,1250233,0.001199776362
9fcabfc2-faee-4d32-8096-aad08a5c1a8f,lag_cond_tobacco_use,26342,1250233,2.106967261
9fcabfc2-faee-4d32-8096-aad08a5c1a8f,lag_cms_epilepsy,26170,1250233,2.093209826
9fcabfc2-faee-4d32-8096-aad08a5c1a8f,lag_hcc_161,22785,1250233,1.822460293
9fcabfc2-faee-4d32-8096-aad08a5c1a8f,lag_cms_opioid_use_disorder_oud,19148,1250233,1.531554518
9fcabfc2-faee-4d32-8096-aad08a5c1a8f,lag_hcc_57,15365,1250233,1.22897092
9fcabfc2-faee-4d32-8096-aad08a5c1a8f,state_Arkansas,14573,1250233,1.165622728
9fcabfc2-faee-4d32-8096-aad08a5c1a8f,lag_cms_cancer_lung,12349,1250233,0.987735886
9fcabfc2-faee-4d32-8096-aad08a5c1a8f,lag_cond_schizophrenia,11175,1250233,0.8938333895
9fcabfc2-faee-4d32-8096-aad08a5c1a8f,state_New Mexico,8576,1250233,0.6859521385
9fcabfc2-faee-4d32-8096-aad08a5c1a8f,lag_cms_spinal_cord_injury,8306,1250233,0.664356164
9fcabfc2-faee-4d32-8096-aad08a5c1a8f,lag_cms_human_immunodeficiency_virus_and_or_acquired_immunodeficiency_syndrome_hiv_aids,3778,1250233,0.302183673
9fcabfc2-faee-4d32-8096-aad08a5c1a8f,lag_cms_spina_bifida_and_other_congenital_anomalies_of_the_nervous_system,2349,1250233,0.1878849782
9fcabfc2-faee-4d32-8096-aad08a5c1a8f,lag_cms_hepatitis_b_chronic,1805,1250233,0.1443730889
9fcabfc2-faee-4d32-8096-aad08a5c1a8f,lag_cond_respiratory_syncytial_virus_infection,1803,1250233,0.1442131187
9fcabfc2-faee-4d32-8096-aad08a5c1a8f,lag_hcc_60,866,1250233,0.06926708861
9fcabfc2-faee-4d32-8096-aad08a5c1a8f,lag_cms_muscular_dystrophy,723,1250233,0.05782922063
9fcabfc2-faee-4d32-8096-aad08a5c1a8f,lag_hcc_73,558,1250233,0.04463168065
9fcabfc2-faee-4d32-8096-aad08a5c1a8f,lag_cms_hepatitis_c_acute,233,1250233,0.01863652615
9fcabfc2-faee-4d32-8096-aad08a5c1a8f,lag_hcc_110,177,1250233,0.01415736107
9fcabfc2-faee-4d32-8096-aad08a5c1a8f,lag_cond_stem_cell_transplantation,1336,1250233,0.1068600813
9fcabfc2-faee-4d32-8096-aad08a5c1a8f,lag_cond_colorectal_cancer,10375,1250233,0.8298453168
9fcabfc2-faee-4d32-8096-aad08a5c1a8f,state_Maine,6213,1250233,0.496947369
9fcabfc2-faee-4d32-8096-aad08a5c1a8f,lag_cms_hepatitis_c_chronic,4150,1250233,0.3319381267
9fcabfc2-faee-4d32-8096-aad08a5c1a8f,lag_cond_cytomegalovirus_infection,674,1250233,0.05390995119
9fcabfc2-faee-4d32-8096-aad08a5c1a8f,lag_cms_hepatitis_c_unspecified,3062,1250233,0.244914348
9fcabfc2-faee-4d32-8096-aad08a5c1a8f,lag_hcc_173,2419,1250233,0.1934839346
